open,high,low,close,volume
0.01341,0.013426,0.013409,0.013413,2164381.27
0.013412,0.013432,0.01341,0.01342,882910.51
0.013429,0.013449,0.013423,0.013445,1603723.29
0.013444,0.013449,0.013396,0.013396,758631.61
0.013406,0.013432,0.013393,0.013397,850729.21
0.013399,0.013408,0.013345,0.013364,1478074.5
0.013372,0.013388,0.013367,0.013371,398787.0
0.013371,0.013378,0.013355,0.013356,474547.26
0.01336,0.013387,0.01336,0.013387,752993.89
0.013391,0.013418,0.013391,0.013406,633930.43
0.013396,0.013406,0.013366,0.013366,1966169.08
0.013366,0.013382,0.013356,0.013378,676487.25
0.013377,0.013404,0.013377,0.013404,678765.45
0.0134,0.013418,0.013399,0.013399,335817.42
0.013394,0.013401,0.013388,0.013388,538861.71
0.013384,0.013389,0.013368,0.013379,847108.28
0.013377,0.013399,0.013377,0.013387,808332.96
0.013388,0.013394,0.013379,0.013384,983636.49
0.013384,0.013384,0.013369,0.013369,307472.72
0.013371,0.013384,0.013371,0.013383,331959.27
0.013383,0.013394,0.013344,0.013348,1634520.61
0.013351,0.01336,0.013328,0.013346,1057224.53
0.013354,0.013357,0.01333,0.013338,667067.87
0.013341,0.013352,0.013335,0.013342,964610.71
0.01335,0.013367,0.01335,0.013367,347786.93
0.013367,0.013367,0.013326,0.01334,1826832.23
0.013345,0.013353,0.013325,0.013329,342340.04
0.013331,0.013346,0.013314,0.013338,738970.08
0.013346,0.013346,0.013314,0.013322,261076.37
0.013329,0.013343,0.01332,0.013335,849819.53
0.013333,0.013333,0.013302,0.013312,1417603.71
0.013312,0.013325,0.013287,0.013303,2228224.12
0.013306,0.013333,0.013301,0.013304,1241649.13
0.013319,0.013322,0.013283,0.013293,1602698.52
0.013295,0.013296,0.01328,0.013286,566481.31
0.013286,0.013314,0.013286,0.01331,874128.53
0.013306,0.013324,0.013301,0.013323,473353.3
0.013324,0.013332,0.013319,0.013322,887181.83
0.013332,0.013334,0.013327,0.013333,165512.3
0.013335,0.013335,0.013309,0.013323,594776.88
0.013324,0.01335,0.013323,0.013342,527980.79
0.013342,0.01335,0.013338,0.01335,273419.0
0.013353,0.01336,0.01334,0.013347,605031.19
0.013347,0.013359,0.013336,0.013352,358734.82
0.013347,0.013347,0.013287,0.013305,1592954.53
0.013304,0.013333,0.01329,0.013318,432350.69
0.013318,0.013324,0.013267,0.013267,2140283.75
0.013276,0.013282,0.01326,0.01326,414673.65
0.01326,0.013273,0.01325,0.01326,714833.02
0.013255,0.013265,0.01323,0.013238,1612753.15
0.013233,0.013249,0.01306,0.013108,8746513.76
0.013115,0.013124,0.01305,0.013052,9340937.44
0.01305,0.013097,0.013012,0.013076,3235473.92
0.013089,0.013089,0.01298,0.013076,6260430.43
0.013065,0.013116,0.013029,0.013105,1636485.57
0.01309,0.013161,0.013076,0.013139,2051774.14
0.013134,0.013172,0.013114,0.01315,2165277.31
0.013138,0.013158,0.013137,0.013151,314488.32
0.013153,0.013159,0.013127,0.01315,908832.18
0.013148,0.013167,0.013125,0.013159,496979.84
0.013166,0.013183,0.013156,0.013179,1005068.85
0.013179,0.013179,0.013134,0.013134,286074.57
0.013134,0.013139,0.013118,0.013128,962377.04
0.013127,0.013147,0.013103,0.013141,2044016.54
0.013138,0.013138,0.013079,0.01309,1253579.39
0.013077,0.013098,0.013057,0.013057,1085684.84
0.013057,0.013072,0.01304,0.013051,1143796.45
0.013051,0.013098,0.013022,0.01309,2371622.12
0.013095,0.013124,0.013095,0.013114,370396.15
0.013116,0.013129,0.013111,0.013122,339537.65
0.013115,0.013115,0.013058,0.013068,942321.74
0.013058,0.013074,0.013031,0.013074,1615568.94
0.013072,0.013075,0.013049,0.013072,677300.27
0.01306,0.013076,0.01305,0.013068,360838.12
0.013068,0.013068,0.013027,0.013027,677992.44
0.013027,0.013041,0.013015,0.013027,575314.74
0.013026,0.013027,0.013,0.013009,1454933.44
0.013004,0.013033,0.012992,0.013005,2054667.44
0.012998,0.013015,0.012965,0.012987,4312455.99
0.012986,0.013027,0.012978,0.013027,1203926.04
0.013027,0.013032,0.013011,0.013032,280261.8
0.013035,0.013065,0.013035,0.013065,1316099.71
0.013059,0.013065,0.013036,0.013049,690048.48
0.013037,0.013039,0.013018,0.013024,551843.29
0.013024,0.013039,0.013011,0.013021,796613.43
0.013021,0.013022,0.012998,0.013008,512828.99
0.013007,0.013036,0.013006,0.013036,248032.64
0.013025,0.013049,0.013022,0.013049,149664.54
0.013046,0.013057,0.013036,0.013057,1347336.39
0.01306,0.01306,0.01305,0.013054,170580.85
0.013054,0.013054,0.013032,0.013032,63722.85
0.01303,0.01303,0.013005,0.013009,590082.41
0.01301,0.013028,0.013001,0.013002,774173.22
0.013001,0.013006,0.012988,0.013001,736280.22
0.013001,0.013001,0.012982,0.01299,1292755.26
0.01299,0.012993,0.012971,0.01298,805731.35
0.012978,0.012978,0.012881,0.012901,7934973.07
0.012902,0.012945,0.012852,0.012933,3467220.39
0.012921,0.012957,0.012911,0.012952,1068000.3
0.012956,0.012979,0.012956,0.012964,300027.57
0.01297,0.012984,0.01297,0.012981,632517.52
0.012978,0.012978,0.012913,0.012919,504116.37
0.012919,0.012919,0.012887,0.0129,1693068.42
0.012897,0.012947,0.012891,0.012947,1010938.17
0.01295,0.012984,0.01295,0.012984,501538.91
0.012978,0.012987,0.012974,0.012981,216259.17
0.012982,0.012987,0.012968,0.012976,562618.4
0.012977,0.012988,0.01297,0.012977,205729.4
0.012979,0.013015,0.012976,0.013012,962486.69
0.013015,0.013018,0.012995,0.013002,728278.16
0.013,0.013,0.01298,0.012985,439401.23
0.012987,0.012989,0.01297,0.01297,123202.88
0.01297,0.01297,0.012953,0.012965,538140.96
0.012986,0.013009,0.012986,0.013008,1044392.45
0.013009,0.01302,0.012996,0.013011,578163.68
0.013011,0.013012,0.012988,0.013003,388902.36
0.013,0.013001,0.012984,0.012989,194321.24
0.012988,0.012988,0.012968,0.012973,310267.4
0.012968,0.012976,0.012951,0.012976,635695.86
0.012976,0.012976,0.012928,0.012928,1169810.98
0.012937,0.01295,0.012926,0.01295,705357.53
0.01295,0.01295,0.012901,0.012908,933415.44
0.012909,0.012916,0.0129,0.012915,334005.67
0.012912,0.012915,0.012884,0.012885,1168363.26
0.012884,0.012901,0.012855,0.012901,1346254.01
0.012899,0.012901,0.012887,0.012892,543369.28
0.012892,0.012937,0.012892,0.012934,508129.59
0.012943,0.012965,0.012943,0.012959,343696.51
0.012962,0.013,0.01296,0.012986,1011250.51
0.012986,0.013004,0.012986,0.013001,241847.52
0.013006,0.013011,0.012987,0.013011,443616.25
0.013003,0.013016,0.013002,0.013015,68983.31
0.013015,0.013042,0.013015,0.013029,1377813.68
0.013028,0.013056,0.013023,0.013045,590719.32
0.013045,0.013047,0.013023,0.013029,403730.75
0.013037,0.013042,0.013023,0.013042,163235.23
0.013037,0.013037,0.013015,0.013023,201521.09
0.013023,0.01304,0.013019,0.013024,2750192.78
0.013024,0.01306,0.013017,0.01306,655816.53
0.01306,0.013066,0.013041,0.01305,922202.86
0.013049,0.013049,0.013013,0.013029,1554467.24
0.013029,0.013036,0.013014,0.013027,269578.77
0.013027,0.013038,0.013012,0.01302,363176.33
0.013024,0.013042,0.013021,0.013023,1169422.18
0.013029,0.013029,0.012993,0.012993,1449803.79
0.012994,0.013015,0.012989,0.01301,1310269.0
0.01301,0.013011,0.01297,0.012973,726194.35
0.012972,0.013001,0.012967,0.013001,82509.53
0.012998,0.012999,0.012988,0.012989,856447.03
0.012987,0.013007,0.012983,0.013006,340397.83
0.013004,0.013024,0.013004,0.013013,461627.42
0.013013,0.013028,0.013001,0.013021,854192.52
0.013024,0.01303,0.013021,0.01303,181430.68
0.013028,0.013028,0.013005,0.013005,147837.92
0.013004,0.013004,0.012968,0.012968,2396809.62
0.012975,0.012975,0.012957,0.012958,189830.48
0.012955,0.012982,0.012954,0.012982,528047.77
0.012978,0.012978,0.012958,0.012965,345935.3
0.012965,0.012978,0.012938,0.012978,578514.03
0.012983,0.013006,0.012981,0.013002,409720.09
0.013001,0.013001,0.012983,0.012989,608100.47
0.012985,0.012985,0.01298,0.012982,177328.13
0.012985,0.013019,0.01298,0.013019,411445.75
0.013014,0.013019,0.01298,0.01298,3991482.82
0.01298,0.012997,0.01298,0.012991,701851.91
0.012991,0.012991,0.01298,0.012982,1641833.03
0.012987,0.012987,0.01293,0.012931,3095968.69
0.01293,0.012979,0.012928,0.012972,2565161.39
0.012971,0.012986,0.012955,0.012955,665054.51
0.012959,0.012965,0.012945,0.012955,236419.65
0.012954,0.012954,0.012916,0.012928,322488.58
0.012937,0.012986,0.012937,0.012984,193059.43
0.012981,0.013017,0.012974,0.012998,1194858.32
0.012982,0.012996,0.012979,0.012993,244603.92
0.012989,0.012997,0.012973,0.01299,497368.27
0.012981,0.012982,0.012957,0.01296,647711.56
0.012961,0.013002,0.012955,0.013002,1447600.53
0.012998,0.013041,0.012998,0.013027,520755.63
0.013023,0.013045,0.013018,0.013039,1965112.2
0.013037,0.013097,0.01303,0.01309,1423820.04
0.013091,0.013111,0.013067,0.013111,4837029.14
0.013101,0.013101,0.013084,0.013084,386947.53
0.013084,0.013084,0.013057,0.013064,102711.73
0.013067,0.013089,0.013064,0.013077,386130.02
0.013077,0.013102,0.013077,0.013083,447131.78
0.013085,0.013101,0.013077,0.013088,305416.11
0.013085,0.013114,0.013085,0.013111,464106.49
0.013112,0.013122,0.013089,0.013094,2357433.55
0.013096,0.013121,0.013088,0.013105,735306.47
0.013106,0.01312,0.013103,0.01312,254836.84
0.013112,0.013123,0.013103,0.013115,276199.36
0.013113,0.013122,0.013105,0.013105,1007480.09
0.013115,0.013148,0.013115,0.013145,489874.96
0.013146,0.013149,0.01312,0.013125,317188.04
0.013131,0.013139,0.013109,0.01311,185591.48
0.013112,0.013112,0.0131,0.013104,562706.56
0.013103,0.01311,0.0131,0.0131,521082.77
0.013104,0.01312,0.013092,0.01312,347982.21
0.013123,0.013125,0.013104,0.013124,340981.64
0.013116,0.013124,0.013113,0.013123,269346.28
0.013124,0.013135,0.013113,0.013117,661568.63
0.013116,0.013128,0.013115,0.013115,198030.75
0.013119,0.013133,0.013113,0.013113,518352.97
0.013115,0.013115,0.013101,0.013103,97197.87
0.013109,0.013113,0.013101,0.013101,96276.12
0.013102,0.013105,0.013079,0.01308,464849.93
0.013083,0.013091,0.013072,0.013091,455538.74
0.013092,0.013108,0.013091,0.013099,89751.33
0.013097,0.013122,0.013089,0.013117,708420.23
0.013115,0.013119,0.013094,0.013111,1151349.54
0.013107,0.013107,0.013076,0.01308,216835.97
0.013081,0.013099,0.013081,0.013091,424819.92
0.013094,0.013094,0.013064,0.013073,767630.12
0.013072,0.013072,0.013058,0.013062,225699.97
0.013058,0.013063,0.013054,0.013059,343874.03
0.013053,0.013058,0.013041,0.013041,121816.16
0.013041,0.013041,0.013017,0.013033,245279.99
0.013038,0.013044,0.013025,0.013041,400835.48
0.013037,0.013056,0.013037,0.013044,1383548.41
0.013043,0.013052,0.013028,0.013044,499801.36
0.013039,0.013077,0.013035,0.013035,1474754.45
0.013032,0.013053,0.01303,0.013045,197611.22
0.013041,0.013044,0.01303,0.013038,516291.89
0.013036,0.013042,0.013026,0.013039,252619.2
0.013032,0.013066,0.013026,0.013057,406331.73
0.013055,0.013074,0.013052,0.013061,530748.66
0.013063,0.013066,0.013039,0.013041,441571.48
0.013043,0.013045,0.012994,0.012996,3875971.56
0.012997,0.013014,0.012997,0.013007,794597.87
0.013009,0.013031,0.013009,0.013011,2091833.0
0.013011,0.013012,0.012999,0.013003,55938.07
0.013001,0.013021,0.012996,0.01302,209839.15
0.013015,0.013015,0.012991,0.012994,493956.47
0.012995,0.01302,0.012995,0.013009,331044.74
0.013009,0.013009,0.012996,0.012999,234738.23
0.012997,0.013009,0.012983,0.012985,668225.68
0.012985,0.013001,0.012967,0.012981,970822.88
0.012981,0.013023,0.012981,0.013023,325537.81
0.013025,0.013125,0.013025,0.013069,5486507.05
0.013069,0.013079,0.013059,0.013071,799033.4
0.013071,0.013089,0.013056,0.013087,1192906.07
0.013087,0.013095,0.013063,0.013071,987878.22
0.013067,0.013067,0.013043,0.01305,646099.56
0.013042,0.013042,0.013025,0.01303,486574.56
0.013025,0.01305,0.013024,0.013045,83241.31
0.013049,0.013082,0.013048,0.013075,667823.33
0.013071,0.013078,0.013052,0.013054,269904.69
0.013047,0.013062,0.013039,0.013041,662294.23
0.013041,0.01305,0.013027,0.01305,683542.57
0.013045,0.013069,0.013038,0.013069,538367.4
0.013067,0.013079,0.013061,0.013064,1143054.19
0.013058,0.01308,0.013055,0.013076,313572.37
0.013071,0.013071,0.01305,0.013055,530377.94
0.013049,0.013052,0.013035,0.013035,661635.53
0.01304,0.013058,0.013016,0.013056,1096344.94
0.013057,0.013058,0.013042,0.013043,463528.58
0.013038,0.013052,0.013021,0.013052,348788.52
0.013055,0.013055,0.013031,0.013038,396803.85
0.013034,0.013056,0.013012,0.013056,652781.35
0.013047,0.013051,0.01302,0.013043,618191.08
0.013045,0.013049,0.013044,0.013045,179100.23
0.013051,0.01308,0.013046,0.01308,455238.78
0.013076,0.013107,0.01307,0.013107,952960.29
0.013111,0.013149,0.013111,0.013145,2047620.26
0.013144,0.01315,0.013133,0.013141,1999093.11
0.013143,0.013181,0.013143,0.013164,2114639.92
0.013162,0.013162,0.013128,0.013147,998134.41
0.013148,0.0132,0.013148,0.013178,1719853.67
0.013177,0.013205,0.01317,0.01317,783660.14
0.013171,0.013213,0.013161,0.013213,1354802.25
0.013215,0.013246,0.013209,0.013223,3445897.29
0.013223,0.013267,0.01321,0.013218,4109060.93
0.013211,0.01326,0.013206,0.01326,2360796.2
0.01326,0.01328,0.013238,0.013248,1728217.41
0.013248,0.01325,0.013239,0.013241,1157901.72
0.01324,0.013247,0.013218,0.013247,397228.0
0.013232,0.013232,0.013184,0.013186,2073818.57
0.013187,0.013201,0.01316,0.013164,1051642.77
0.01317,0.01317,0.013113,0.013136,3995644.53
0.013132,0.013149,0.01313,0.013136,515377.26
0.013139,0.01315,0.013116,0.01313,1904205.64
0.013126,0.01313,0.013096,0.01311,2286206.79
0.013112,0.013142,0.01311,0.013121,824639.43
0.013121,0.013137,0.013119,0.01313,734277.26
0.013125,0.01315,0.013122,0.013145,638421.36
0.013145,0.013145,0.013139,0.013145,140938.68
0.013144,0.013161,0.013136,0.013161,559541.59
0.013162,0.013171,0.013145,0.013145,463630.53
0.013142,0.013146,0.013111,0.013113,529208.14
0.013114,0.013149,0.013109,0.013149,528297.8
0.013156,0.013156,0.013109,0.01311,2374557.65
0.01311,0.013147,0.01311,0.013147,825877.16
0.013152,0.013161,0.013136,0.013144,1072961.88
0.013152,0.013157,0.013122,0.013122,791025.21
0.013124,0.013157,0.013122,0.013145,490074.01
0.013145,0.013157,0.013134,0.013138,359001.58
0.013139,0.013149,0.013134,0.013148,292267.73
0.013149,0.013179,0.013149,0.013177,698966.33
0.013187,0.013187,0.013168,0.013168,480776.77
0.013166,0.013175,0.013118,0.013118,923302.52
0.013118,0.013154,0.013118,0.013154,539093.66
0.013152,0.013169,0.013152,0.013167,288772.31
0.013175,0.013188,0.013175,0.013181,356411.77
0.013182,0.013205,0.013182,0.013205,405568.6
0.013207,0.013209,0.013184,0.013184,269333.16
0.013188,0.013193,0.013171,0.013175,738489.45
0.013185,0.0132,0.013185,0.013193,2606911.43
0.0132,0.0132,0.013178,0.013178,1070848.5
0.013178,0.013187,0.013148,0.013148,758109.2
0.013154,0.013161,0.013147,0.013161,77352.83
0.013163,0.013178,0.013158,0.013174,412132.81
0.013178,0.013187,0.013174,0.01318,264190.09
0.013185,0.013211,0.013184,0.0132,1614390.56
0.013196,0.013209,0.013196,0.013198,737073.3
0.013203,0.01323,0.01319,0.013199,4464871.34
0.013204,0.013222,0.013183,0.013215,525030.81
0.013224,0.013241,0.01321,0.013229,1452713.92
0.013222,0.013241,0.013219,0.013225,674678.58
0.013223,0.013243,0.013223,0.013229,1130147.49
0.013228,0.013249,0.013185,0.013196,1399518.62
0.013196,0.013218,0.013196,0.013207,614836.59
0.013204,0.013217,0.013195,0.013209,399511.47
0.013217,0.013229,0.01321,0.01321,536646.41
0.013202,0.013218,0.013179,0.013187,936804.28
0.013187,0.013231,0.013187,0.01322,1745696.16
0.013223,0.013228,0.0132,0.013224,309521.24
0.013225,0.013238,0.013205,0.013226,597865.52
0.013234,0.01325,0.013234,0.013243,771605.28
0.01325,0.013274,0.013213,0.013239,2114038.01
0.013227,0.01328,0.013227,0.013241,1823052.81
0.013251,0.013322,0.013251,0.013319,5889650.23
0.013319,0.013374,0.013196,0.013202,10017069.98
0.0132,0.013218,0.013177,0.013205,2593500.59
0.013205,0.013222,0.013193,0.01322,978406.27
0.013225,0.013259,0.01322,0.013226,1527805.58
0.013235,0.013235,0.013191,0.013198,1834642.09
0.013198,0.013214,0.013171,0.013199,1826806.4
0.013199,0.013262,0.013199,0.013233,751431.49
0.013249,0.013259,0.013236,0.01324,175715.19
0.013244,0.01327,0.013238,0.013253,997298.64
0.01325,0.013273,0.01324,0.013273,566520.94
0.013273,0.013289,0.013262,0.01328,511109.42
0.013275,0.013307,0.013253,0.013305,804485.1
0.013305,0.013313,0.013278,0.013287,1700004.66
0.013286,0.013322,0.01328,0.013322,1591901.17
0.013319,0.013333,0.013304,0.013325,1764456.46
0.013325,0.013328,0.013301,0.013319,1382194.09
0.013314,0.01332,0.013304,0.013319,625833.12
0.01332,0.013328,0.013313,0.013313,170288.3
0.013313,0.013314,0.013275,0.013299,1694516.76
0.013298,0.013298,0.013261,0.013269,788985.58
0.013276,0.013276,0.013256,0.013261,477415.85
0.013268,0.013268,0.013253,0.013259,287546.08
0.013264,0.013267,0.013237,0.013237,314276.26
0.013239,0.013254,0.013237,0.013254,275341.35
0.013251,0.013252,0.013219,0.013219,621108.04
0.013219,0.013219,0.013175,0.013205,1707567.38
0.013205,0.013221,0.013175,0.01322,789834.92
0.013211,0.013221,0.013194,0.013214,678962.22
0.013214,0.013222,0.013184,0.013184,545751.2
0.013182,0.013232,0.013179,0.013211,864716.28
0.013213,0.013216,0.013187,0.013187,934468.14
0.013183,0.013187,0.013179,0.013181,175871.71
0.013181,0.013208,0.013181,0.013208,342353.81
0.013208,0.013208,0.01319,0.013208,238850.06
0.013211,0.013216,0.013192,0.013203,984754.23
0.013203,0.013251,0.013203,0.013248,1298925.78
0.013248,0.013248,0.013229,0.013235,682972.58
0.013237,0.01327,0.013237,0.013263,671872.62
0.013265,0.013277,0.013262,0.013267,558245.73
0.013258,0.013258,0.013245,0.013247,17867.72
0.013247,0.013247,0.013228,0.013231,59673.4
0.013229,0.013279,0.013223,0.013278,746912.57
0.013265,0.013265,0.013238,0.013259,210561.24
0.013259,0.013259,0.013235,0.013238,542330.57
0.013244,0.013253,0.013244,0.013247,53947.73
0.013247,0.013247,0.013195,0.013209,1609691.97
0.01322,0.013228,0.013199,0.013214,253582.05
0.013218,0.013248,0.013218,0.013248,1932938.9
0.01325,0.013315,0.013249,0.013281,1420403.61
0.013277,0.013297,0.013262,0.013295,800062.57
0.013299,0.0133,0.013272,0.013279,604535.88
0.013275,0.013275,0.013238,0.013259,1514378.33
0.013268,0.013276,0.013249,0.013269,263493.33
0.013269,0.0133,0.013269,0.013297,2212995.67
0.013298,0.013298,0.013271,0.013287,239644.31
0.013292,0.01331,0.013288,0.013292,581765.66
0.013284,0.013287,0.013263,0.013267,1912624.07
0.013275,0.013275,0.013243,0.013267,641429.97
0.013263,0.013263,0.013241,0.013241,731863.01
0.01324,0.013251,0.013231,0.013235,741937.68
0.013231,0.01324,0.013217,0.013226,858712.92
0.013225,0.01324,0.0132,0.013209,650453.61
0.013206,0.013212,0.013118,0.013144,3097404.72
0.013143,0.013208,0.013133,0.013204,913198.69
0.013204,0.013232,0.013192,0.01322,398626.67
0.013214,0.01322,0.0132,0.013214,389729.09
0.01322,0.013231,0.013217,0.013221,217621.55
0.01322,0.013241,0.013212,0.013212,990029.32
0.013214,0.013232,0.013214,0.013218,371575.06
0.013232,0.013253,0.013231,0.01325,245526.99
0.013246,0.013269,0.013246,0.013262,361776.88
0.013265,0.013265,0.013229,0.013229,482903.02
0.013237,0.01324,0.013204,0.013204,627483.83
0.0132,0.0132,0.013163,0.013179,771267.2
0.013179,0.013217,0.013179,0.013215,333854.32
0.013211,0.013214,0.013179,0.013179,217497.48
0.013184,0.013195,0.013184,0.013193,46429.64
0.0132,0.013207,0.013196,0.013196,211693.09
0.013195,0.013214,0.013195,0.013203,170280.0
0.013198,0.013203,0.013183,0.013183,221150.14
0.013185,0.01319,0.013175,0.013183,457765.07
0.013184,0.013188,0.013177,0.013178,336720.62
0.013178,0.013196,0.013173,0.013196,442292.65
0.013196,0.013213,0.013196,0.013208,648387.8
0.013214,0.013223,0.013208,0.013218,216637.09
0.013213,0.013214,0.013198,0.01321,362424.52
0.013211,0.013232,0.013211,0.013226,262731.72
0.013223,0.013226,0.013198,0.013198,407703.84
0.013205,0.013226,0.013201,0.013226,421660.73
0.013214,0.013214,0.013199,0.013205,224740.88
0.013205,0.013212,0.013201,0.013202,318010.35
0.013208,0.013215,0.013204,0.013204,174665.13
0.013206,0.013212,0.013177,0.01318,677320.47
0.013181,0.013194,0.013181,0.013194,249971.95
0.01319,0.013197,0.013182,0.013195,431568.33
0.013228,0.013234,0.013219,0.013225,212127.4
0.013224,0.013257,0.013224,0.013228,1509257.2
0.013226,0.013238,0.013226,0.013238,257895.36
0.013246,0.013252,0.013239,0.013252,305731.08
0.013251,0.013274,0.013251,0.013274,155197.27
0.013278,0.01328,0.013255,0.013268,525111.57
0.013265,0.013265,0.01324,0.01324,153180.09
0.013255,0.013267,0.013245,0.013248,1302624.05
0.013251,0.013265,0.013251,0.013257,437653.94
0.013272,0.013272,0.013258,0.013259,799192.92
0.013256,0.013256,0.013242,0.013242,91454.99
0.013244,0.013257,0.013239,0.013257,169065.95
0.013259,0.013268,0.01325,0.013257,221088.66
0.013257,0.0133,0.013257,0.013298,794710.79
0.01329,0.013295,0.013275,0.013275,135433.92
0.013273,0.013281,0.013264,0.013281,370469.18
0.013275,0.013282,0.013261,0.01328,1675470.46
0.013273,0.013296,0.01324,0.013296,1680767.57
0.013289,0.0133,0.013287,0.013293,148737.01
0.013296,0.01331,0.013274,0.013285,800019.54
0.013282,0.013295,0.013267,0.01329,2252605.5
0.01329,0.013291,0.013277,0.013289,144014.94
0.013289,0.013289,0.013259,0.013269,205890.71
0.013269,0.013269,0.013248,0.01325,144078.73
0.013251,0.013253,0.013237,0.013252,107687.15
0.013253,0.013295,0.013253,0.013295,827706.37
0.013295,0.013314,0.013288,0.013299,1908806.86
0.013301,0.013323,0.013301,0.013314,975291.96
0.013322,0.01344,0.013308,0.013387,8858277.04
0.013387,0.013493,0.013372,0.013439,7510509.11
0.013434,0.013439,0.013358,0.01338,2632320.07
0.013379,0.013379,0.013343,0.013345,1075559.72
0.013351,0.013357,0.013338,0.013353,480676.77
0.013352,0.013547,0.013339,0.013499,7689616.76
0.013499,0.0138,0.013478,0.013587,46758458.21
0.0136,0.013663,0.013587,0.013633,7329947.07
0.013633,0.01368,0.013618,0.013627,4632121.71
0.013637,0.013647,0.013525,0.013531,5329180.1
0.013528,0.013669,0.013521,0.01364,7080940.08
0.01363,0.013672,0.0136,0.013637,2766791.06
0.013634,0.013685,0.013598,0.013679,4677402.52
0.013677,0.0137,0.013632,0.013652,2119004.86
0.013649,0.013655,0.01359,0.01362,1674816.77
0.01362,0.013636,0.013575,0.013614,1659258.72
0.013613,0.013649,0.01355,0.01355,2963599.55
0.013557,0.013589,0.013517,0.01358,2116685.6
0.01358,0.013596,0.01356,0.013574,1651667.22
0.013569,0.013602,0.013567,0.013602,2526251.11
0.013591,0.013595,0.013537,0.013554,1102135.03
0.013545,0.0136,0.013515,0.013578,3497671.21
0.013587,0.01362,0.013585,0.013605,1647899.64
0.013599,0.013741,0.013572,0.013697,12246452.47
0.013698,0.013806,0.013662,0.013777,18603226.07
0.013778,0.013816,0.013699,0.013716,11808886.3
0.013709,0.01375,0.013705,0.013705,940238.01
0.013706,0.01375,0.013686,0.013707,4057198.9
0.013698,0.013717,0.01367,0.013708,1964077.03
0.013703,0.01372,0.013663,0.01368,1845982.9
0.013674,0.013741,0.013673,0.013718,1632707.84
0.013722,0.013739,0.01372,0.013735,479712.74
0.013739,0.013739,0.013692,0.01373,1700130.03
0.01373,0.013749,0.013678,0.013684,2506277.21
0.013682,0.013722,0.013663,0.013679,2830247.89
0.013681,0.013728,0.013644,0.01372,5083067.05
0.01372,0.013798,0.013707,0.013793,5421879.88
0.013793,0.013812,0.013763,0.01378,7492843.16
0.013782,0.013787,0.013749,0.013781,2333942.17
0.013777,0.013826,0.013776,0.013823,3453632.06
0.013825,0.013878,0.01381,0.013817,6947464.34
0.013814,0.013957,0.013809,0.013951,7204499.19
0.013948,0.013989,0.013909,0.013911,10813780.75
0.013912,0.013917,0.013848,0.013896,8929552.37
0.013898,0.013986,0.013886,0.013931,5912691.54
0.013931,0.013931,0.013931,0.013931,5912691.54
0.013933,0.013992,0.013903,0.013922,5857260.34
0.013922,0.013922,0.013922,0.013922,5857260.34
0.013915,0.014058,0.013914,0.014045,11605496.05
0.014045,0.014045,0.014045,0.014045,11605496.05
0.014051,0.014064,0.01399,0.014022,11154883.33
0.014022,0.014022,0.014022,0.014022,11154883.33
0.014018,0.014024,0.013952,0.013993,7382486.1
0.013993,0.014233,0.01399,0.014152,19259294.06
0.014151,0.014211,0.014096,0.014108,8690625.76
0.014108,0.014108,0.014108,0.014108,8690625.76
0.014109,0.014204,0.014105,0.014136,7935475.94
0.014117,0.014117,0.014115,0.014116,88388.05
0.014117,0.014159,0.014078,0.014107,7754111.91
0.014107,0.014107,0.014107,0.014107,7754111.91
0.014107,0.014171,0.014042,0.014068,6664312.32
0.014068,0.014068,0.014068,0.014068,6664312.32
0.014069,0.014097,0.01397,0.014013,10015911.91
0.014015,0.014038,0.013987,0.013995,4321126.23
0.013995,0.013995,0.013995,0.013995,4321126.23
0.014,0.014078,0.013995,0.014003,4392703.22
0.014006,0.014072,0.013989,0.014062,5263694.89
0.014062,0.014062,0.014062,0.014062,5263694.89
0.014056,0.014099,0.014053,0.01408,5138576.27
0.01408,0.01408,0.01408,0.01408,5138576.27
0.014073,0.014157,0.014071,0.014086,5674995.55
0.014086,0.014086,0.014086,0.014086,5674995.55
0.014093,0.0141,0.013972,0.013972,7960027.31
0.013975,0.013975,0.013973,0.013973,39992.04
0.013975,0.014,0.013884,0.013919,8914994.08
0.013912,0.013965,0.013903,0.013928,4006183.87
0.013918,0.013926,0.013828,0.013868,9790830.07
0.013861,0.013913,0.01386,0.01387,4151659.86
0.01387,0.01387,0.01387,0.01387,4151659.86
0.013872,0.013908,0.013858,0.01388,3584653.25
0.013866,0.013883,0.013853,0.013876,3084831.28
0.013876,0.013876,0.013876,0.013876,3084831.28
0.013877,0.013877,0.01382,0.013829,3395258.51
0.013829,0.013829,0.013829,0.013829,4240.61
0.013829,0.013872,0.013805,0.01382,3065469.81
0.01382,0.013868,0.013786,0.013791,6321201.36
0.01379,0.01379,0.01379,0.01379,797.62
0.01379,0.013822,0.013756,0.013807,2341878.03
0.013807,0.013841,0.013807,0.01381,911187.9
0.01381,0.01381,0.01381,0.01381,911187.9
0.013803,0.013807,0.013742,0.013771,3523032.93
0.013767,0.013772,0.013724,0.013765,3813219.62
0.013758,0.0138,0.013749,0.0138,3747624.13
0.0138,0.0138,0.0138,0.0138,3747624.13
0.01379,0.013807,0.013768,0.013786,900334.75
0.013784,0.013809,0.013784,0.013808,1338819.3
0.013801,0.013829,0.013784,0.013829,2250987.59
0.013829,0.013832,0.013775,0.013814,1830535.27
0.013819,0.013912,0.013818,0.013856,8841905.55
0.013856,0.013856,0.013856,0.013856,8841905.55
0.01385,0.01387,0.013799,0.013814,3413598.39
0.013814,0.013814,0.013814,0.013814,3413598.39
0.013814,0.013818,0.013744,0.013765,4000217.57
0.013765,0.013765,0.013765,0.013765,4000217.57
0.013766,0.013767,0.01366,0.013686,5506873.82
0.013691,0.013754,0.013674,0.013674,5434026.1
0.013683,0.0137,0.01367,0.013688,3656878.2
0.013688,0.013688,0.013688,0.013688,3656878.2
0.013686,0.013708,0.013666,0.013667,1819354.09
0.013667,0.013712,0.013667,0.013705,3128257.08
0.013704,0.013712,0.013667,0.013689,1175267.72
0.013689,0.013689,0.013689,0.013689,1175267.72
0.013708,0.013775,0.013696,0.013756,4527296.19
0.013754,0.013847,0.013693,0.013714,9391308.63
0.013709,0.013722,0.013679,0.013699,2808617.53
0.013697,0.013697,0.013697,0.013697,93172.58
0.013697,0.013733,0.013672,0.013709,1090491.8
0.013723,0.013724,0.013695,0.013724,1277541.76
0.013714,0.013718,0.013656,0.013667,3478570.27
0.013667,0.013667,0.013667,0.013667,3478570.27
0.013673,0.013697,0.013673,0.013688,1254434.23
0.013688,0.013688,0.013688,0.013688,3085.53
0.013688,0.013698,0.013682,0.013698,796269.22
0.013698,0.013698,0.013698,0.013698,796269.22
0.013698,0.013698,0.013669,0.013673,1402600.84
0.013673,0.013673,0.013673,0.013673,1402600.84
0.013678,0.013698,0.013669,0.01369,1038242.02
0.013687,0.013687,0.013687,0.013687,4583.34
0.013687,0.013698,0.013674,0.013688,801101.46
0.013687,0.013697,0.013667,0.013667,1399549.7
0.013674,0.013685,0.013665,0.013682,1253778.64
0.013676,0.013676,0.013672,0.013672,5324.53
0.013676,0.013707,0.013668,0.013701,1149408.25
0.013701,0.013701,0.0137,0.0137,237970.52
0.013701,0.01371,0.013659,0.01367,3557807.9
0.01367,0.01367,0.01367,0.01367,3557807.9
0.013671,0.013684,0.013663,0.013664,1534168.69
0.013665,0.013665,0.013665,0.013665,7318.5
0.013665,0.013686,0.013662,0.013671,1015196.03
0.013671,0.013671,0.013671,0.013671,1015196.03
0.013669,0.013693,0.013664,0.013673,886825.36
0.01368,0.013691,0.013665,0.013674,3326242.2
0.013674,0.013674,0.013674,0.013674,20684.55
0.013674,0.013692,0.013663,0.013669,2398371.14
0.013669,0.013669,0.013669,0.013669,19640.13
0.013669,0.013699,0.013669,0.013694,682962.9
0.013694,0.013694,0.013694,0.013694,682962.9
0.013693,0.013694,0.013671,0.013671,365163.04
0.013677,0.013677,0.01366,0.013672,1900332.54
0.013677,0.013677,0.013677,0.013677,11828.84
0.013677,0.013677,0.013659,0.013669,827889.0
0.01367,0.01367,0.01367,0.01367,26056.04
0.01367,0.013686,0.013658,0.01368,2859330.02
0.013677,0.013691,0.013677,0.013691,612686.64
0.013677,0.013693,0.013677,0.01369,2744996.25
0.01369,0.01369,0.01369,0.01369,2744996.25
0.013687,0.0137,0.013673,0.013699,2149246.74
0.013699,0.013699,0.013699,0.013699,2149246.74
0.013699,0.013714,0.013666,0.013673,1994715.15
0.013671,0.013675,0.013671,0.013675,60389.47
0.013671,0.013735,0.013668,0.013711,1924268.47
0.013715,0.013715,0.013715,0.013715,2515.85
0.013715,0.013716,0.013638,0.01367,4786731.23
0.013678,0.013679,0.013678,0.013679,40610.8
0.013678,0.013681,0.013586,0.0136,8592485.71
0.0136,0.0136,0.0136,0.0136,23680.0
0.0136,0.013628,0.0136,0.013625,1172945.14
0.013619,0.013619,0.013619,0.013619,3720.93
0.013619,0.01364,0.013601,0.013631,1452505.99
0.013626,0.013626,0.013626,0.013626,1452.89
0.013626,0.013662,0.013626,0.013658,359529.8
0.013663,0.013663,0.013649,0.013649,72972.5
0.013663,0.013669,0.013645,0.013645,1829252.91
0.013645,0.013645,0.013645,0.013645,81621.22
0.013645,0.013708,0.013645,0.013694,585085.67
0.013703,0.013715,0.013703,0.013713,147062.62
0.013703,0.013817,0.013697,0.0138,8960759.48
0.013802,0.013802,0.013795,0.013795,334084.85
0.013802,0.013832,0.013775,0.013804,8627972.1
0.013798,0.013798,0.013798,0.013798,1807.34
0.013798,0.013798,0.013749,0.013766,1629940.87
0.013768,0.01377,0.013768,0.01377,68016.92
0.013768,0.013791,0.013768,0.013779,815268.87
0.013779,0.013779,0.013779,0.013779,815268.87
0.013779,0.013789,0.013745,0.013789,5311894.01
0.013789,0.013789,0.013789,0.013789,5311894.01
0.013776,0.013796,0.013732,0.013794,5939629.82
0.013799,0.013799,0.013799,0.013799,4282.0
0.013799,0.013839,0.013788,0.013817,5948962.23
0.013821,0.013821,0.013821,0.013821,2317.52
0.013821,0.013828,0.013792,0.013827,835985.59
0.013821,0.013821,0.013819,0.013819,412009.34
0.013821,0.013821,0.013764,0.013774,2871333.13
0.013774,0.013774,0.013774,0.013774,2871333.13
0.013766,0.013791,0.013763,0.013788,805704.09
0.013783,0.013783,0.01378,0.01378,128508.51
0.013783,0.013783,0.013764,0.013769,1338020.7
0.013772,0.013772,0.013772,0.013772,1457.41
0.013772,0.013772,0.013705,0.013722,5441439.17
0.013722,0.013722,0.013722,0.013722,5441439.17
0.013728,0.013734,0.013708,0.013717,589714.73
0.013717,0.013717,0.013717,0.013717,589714.73
0.013718,0.013722,0.013679,0.013712,2394952.09
0.013712,0.013712,0.013712,0.013712,2394952.09
0.013721,0.013727,0.013699,0.013714,654403.23
0.013714,0.013714,0.013714,0.013714,654403.23
0.01371,0.013723,0.013695,0.013707,1494308.9
0.013708,0.01371,0.013708,0.01371,8736.88
0.013708,0.013723,0.013669,0.013676,685549.91
0.013677,0.013682,0.013675,0.013682,47966.98
0.013677,0.013703,0.013675,0.013681,439556.93
0.013681,0.013681,0.013681,0.013681,439556.93
0.01368,0.013694,0.013676,0.013677,176071.17
0.013677,0.013677,0.013677,0.013677,176071.17
0.013672,0.013708,0.01367,0.013706,246428.78
0.013706,0.013706,0.013706,0.013706,246428.78
0.01371,0.01373,0.013704,0.013721,549309.9
0.013721,0.013721,0.013721,0.013721,549309.9
0.013729,0.013802,0.013725,0.013768,2910024.21
0.013774,0.01378,0.013774,0.01378,200634.11
0.013774,0.013792,0.013755,0.013776,1502123.17
0.01378,0.013787,0.01378,0.013787,76090.83
0.01378,0.013787,0.013699,0.013719,1574509.95
0.013719,0.013719,0.013719,0.013719,1574509.95
0.013712,0.01372,0.013676,0.013686,1314553.74
0.013693,0.0137,0.013693,0.0137,52843.57
0.013693,0.013729,0.013685,0.013685,1843595.66
0.013698,0.013699,0.013698,0.013699,20430.82
0.013698,0.013707,0.01365,0.013675,1668411.11
0.013675,0.013675,0.013675,0.013675,5522.18
0.013675,0.01368,0.013655,0.013668,710618.0
0.013668,0.013668,0.013668,0.013668,710618.0
0.01366,0.01366,0.013623,0.013646,3087254.55
0.013635,0.013635,0.013635,0.013635,30535.16
0.013635,0.013635,0.013591,0.0136,3337084.7
0.013604,0.013608,0.013603,0.013608,69507.43
0.013604,0.013621,0.013561,0.013572,4001566.95
0.013577,0.013579,0.013571,0.013578,211111.61
0.013577,0.013579,0.013481,0.013525,8710990.89
0.013527,0.013527,0.013527,0.013527,1847.74
0.013527,0.013552,0.013523,0.01355,1088066.0
0.013554,0.013558,0.013554,0.013558,49218.63
0.013554,0.01357,0.013547,0.013562,1462116.14
0.013562,0.013562,0.013562,0.013562,1462116.14
0.013563,0.013568,0.013535,0.013536,1272302.14
0.013536,0.013543,0.013536,0.013537,292023.8
0.013536,0.013543,0.0135,0.01351,3631558.41
0.013514,0.013514,0.013509,0.01351,193178.45
0.013514,0.013514,0.01347,0.013488,4360653.46
0.013487,0.013487,0.013485,0.013487,22160.34
0.013487,0.013492,0.013474,0.013475,489335.09
0.013475,0.013475,0.013475,0.013475,31157.47
0.013475,0.013488,0.013459,0.013487,2006461.79
0.013487,0.013488,0.013487,0.013488,102475.87
0.013487,0.013488,0.01346,0.013477,1805549.21
0.013477,0.013477,0.013471,0.013471,33771.05
0.013477,0.013483,0.013466,0.013477,704468.17
0.013476,0.013476,0.013469,0.013469,37456.66
0.013476,0.013497,0.013469,0.013497,886407.46
0.0135,0.0135,0.0135,0.0135,2147.39
0.0135,0.013551,0.013497,0.013515,4718257.39
0.013516,0.013516,0.013516,0.013516,1436.9
0.013516,0.013525,0.013497,0.013499,1563469.2
0.013499,0.013499,0.013499,0.013499,1563469.2
0.013496,0.01352,0.013496,0.01352,395029.02
0.01352,0.01352,0.01352,0.01352,395029.02
0.01352,0.013547,0.013513,0.013529,1587446.28
0.013529,0.013529,0.013529,0.013529,1587446.28
0.01353,0.013553,0.013522,0.013553,1724596.08
0.013553,0.01356,0.013553,0.013556,71903.54
0.013553,0.01356,0.013533,0.013538,636378.35
0.013527,0.013529,0.013523,0.013529,44247.93
0.013527,0.013544,0.013522,0.013539,632380.72
0.013533,0.013533,0.013523,0.013523,106699.41
0.013533,0.013544,0.013523,0.013534,348713.07
0.013531,0.013531,0.01352,0.01353,246479.03
0.013531,0.013531,0.013495,0.013521,1142619.58
0.013521,0.013521,0.013521,0.013521,1142619.58
0.013521,0.013521,0.013504,0.013517,350243.41
0.013518,0.013522,0.013518,0.013522,50241.29
0.013518,0.013522,0.01349,0.013498,707407.7
0.013508,0.013508,0.013508,0.013508,23911.66
0.013508,0.013536,0.013508,0.013513,874354.95
0.013516,0.01352,0.013516,0.013518,118884.32
0.013516,0.01352,0.013508,0.013512,381020.2
0.013516,0.013516,0.013514,0.013514,41495.5
0.013516,0.013523,0.013478,0.013478,1603253.6
0.013482,0.013491,0.013482,0.013484,133592.0
0.013482,0.013491,0.013445,0.013445,2015535.63
0.013445,0.013445,0.013445,0.013445,2015535.63
0.013452,0.013462,0.013446,0.013459,916554.32
0.013456,0.013456,0.013445,0.013453,1084512.17
0.013456,0.01349,0.013445,0.01349,1527346.17
0.013488,0.013494,0.013488,0.01349,199081.4
0.013488,0.013494,0.013478,0.013493,1500481.43
0.013489,0.013489,0.013485,0.013485,34829.38
0.013489,0.0135,0.013484,0.013497,124650.82
0.013497,0.013497,0.013497,0.013497,124650.82
0.013501,0.013521,0.013501,0.013515,1264689.48
0.01352,0.01352,0.01352,0.01352,1371.03
0.01352,0.013529,0.01352,0.013529,116381.43
0.013529,0.013529,0.013527,0.013527,525354.48
0.013529,0.013532,0.013521,0.013525,1178907.79
0.013525,0.013525,0.013525,0.013525,20437.0
0.013525,0.013534,0.013514,0.013534,435520.45
0.013533,0.013534,0.01352,0.01352,88857.25
0.013533,0.013534,0.013493,0.0135,443855.59
0.0135,0.0135,0.0135,0.0135,76190.45
0.0135,0.013521,0.013497,0.013497,454824.97
0.0135,0.0135,0.013452,0.013465,1818517.55
0.013461,0.01347,0.013461,0.01347,26594.1
0.013461,0.01347,0.01345,0.013464,1001243.21
0.013464,0.01347,0.013464,0.01347,9657.43
0.013464,0.013489,0.013464,0.013488,274778.0
0.013489,0.013489,0.01348,0.013484,1652545.17
0.013489,0.013497,0.01348,0.013496,2029390.88
0.013496,0.013496,0.013482,0.013483,248896.69
0.013496,0.0135,0.013481,0.013481,992708.68
0.013488,0.013488,0.01348,0.013487,1257319.12
0.013488,0.013488,0.013466,0.013466,2011927.47
0.013472,0.01348,0.013472,0.013474,554619.03
0.013472,0.01348,0.013466,0.013476,871288.84
0.01347,0.013474,0.013465,0.013474,148056.32
0.01347,0.013484,0.013465,0.01347,406962.58
0.01347,0.013471,0.013461,0.013461,586792.81
0.01347,0.013471,0.013456,0.013463,1700188.41
0.013469,0.013469,0.013446,0.013449,1092856.01
0.013469,0.013469,0.013446,0.013461,1761949.17
0.013463,0.013474,0.013463,0.013474,101451.09
0.013463,0.013482,0.013463,0.013477,296229.0
0.013478,0.013494,0.013477,0.01349,163166.75
0.013478,0.013494,0.013477,0.01349,204589.47
0.01349,0.013491,0.013484,0.013484,30482.9
0.01349,0.013491,0.013484,0.013484,86049.01
0.013484,0.013484,0.013484,0.013484,86049.01
0.013484,0.013491,0.013484,0.013491,509071.79
0.013491,0.013491,0.01349,0.013491,21580.1
0.013491,0.013499,0.013469,0.013471,2103049.87
0.013471,0.013478,0.013471,0.013472,158332.42
0.013471,0.01348,0.013471,0.013472,401119.67
0.013472,0.013472,0.013466,0.013467,165193.04
0.013472,0.013485,0.013465,0.013465,777760.77
0.013464,0.013476,0.013461,0.013476,208875.82
0.013464,0.0135,0.013461,0.013474,527151.17
0.013468,0.013478,0.013467,0.013478,74406.95
0.013468,0.013478,0.013464,0.013464,110232.75
0.013465,0.013465,0.01345,0.01345,547176.07
0.013465,0.013465,0.01344,0.013445,1167273.75
0.013445,0.013452,0.013438,0.013438,1358307.17
0.013445,0.013452,0.013432,0.013438,1714248.54
0.013437,0.013453,0.013437,0.013449,263712.23
0.013437,0.013464,0.013437,0.01346,556998.39
0.01346,0.013462,0.013449,0.013458,132760.83
0.01346,0.013462,0.013449,0.013451,277760.82
0.013447,0.013447,0.013427,0.013432,675605.6
0.013447,0.013447,0.013427,0.013438,1848467.16
0.01344,0.01344,0.013419,0.013425,388805.8
0.01344,0.01344,0.013391,0.013418,2448378.38
0.013418,0.013435,0.013414,0.013435,611640.35
0.013418,0.013439,0.013414,0.013436,741184.16
0.013433,0.01345,0.013433,0.013436,210300.93
0.013433,0.01345,0.013394,0.013408,699543.78
0.013411,0.013411,0.013374,0.013387,1208679.98
0.013411,0.013426,0.013374,0.013417,1903608.9
0.013422,0.013434,0.013422,0.013426,758533.21
0.013422,0.013439,0.013419,0.013425,1466076.17
0.01342,0.013445,0.013409,0.013428,3111742.02
0.01342,0.013445,0.013409,0.013442,3283074.26
0.013429,0.013429,0.013424,0.013424,11716.56
0.013429,0.013429,0.013412,0.013419,362534.72
0.013427,0.013429,0.013419,0.013419,299154.8
0.013427,0.013429,0.013409,0.013409,578811.58
0.013412,0.013412,0.013396,0.013396,411306.76
0.013412,0.013412,0.013388,0.013409,590230.76
0.013405,0.013423,0.013405,0.013423,187381.44
0.013405,0.013423,0.013405,0.013417,306977.47
0.013416,0.013439,0.013416,0.013433,267935.19
0.013416,0.013441,0.013416,0.013441,301344.72
0.013437,0.013447,0.013437,0.013445,38097.22
0.013437,0.013505,0.013437,0.0135,1601811.75
0.0135,0.0135,0.013475,0.013487,367421.78
0.0135,0.0135,0.013466,0.01347,438766.42
0.01347,0.013472,0.01347,0.013472,13631.79
0.01347,0.013491,0.01347,0.013487,487519.64
0.01348,0.01348,0.013463,0.013463,310035.44
0.01348,0.01348,0.013462,0.01347,531054.73
0.013473,0.013482,0.013473,0.013477,331683.92
0.013473,0.013482,0.013455,0.013471,671495.25
0.013472,0.013491,0.013472,0.013491,603341.05
0.013472,0.013491,0.013463,0.013465,1467217.41
0.013467,0.013468,0.013465,0.013465,78872.83
0.013467,0.013485,0.013465,0.013485,123087.57
0.013485,0.013502,0.013485,0.013496,108721.28
0.013485,0.013512,0.013485,0.013508,264493.13
0.013504,0.013504,0.013495,0.0135,297694.27
0.013504,0.013504,0.013488,0.013488,383587.12
0.013488,0.013517,0.01348,0.013517,236316.34
0.013488,0.01354,0.01348,0.013532,650758.35
0.01352,0.013536,0.013519,0.013521,136938.52
0.01352,0.013536,0.0135,0.013528,412691.31
0.013523,0.013524,0.013499,0.013524,335665.2
0.013523,0.013546,0.013499,0.013546,636320.02
0.013537,0.013557,0.01353,0.013554,657587.13
0.013537,0.013557,0.01353,0.013556,925730.21
0.013556,0.013586,0.013556,0.013579,1123908.48
0.013556,0.013586,0.013556,0.013575,1427642.57
0.013575,0.013575,0.013549,0.013549,536003.53
0.013575,0.013575,0.013531,0.013535,1382954.86
0.013542,0.013547,0.013536,0.013536,98634.06
0.013542,0.013559,0.013536,0.013544,447067.26
0.013542,0.013547,0.013542,0.013547,135950.33
0.013542,0.013555,0.013542,0.013542,384319.64
0.013541,0.013541,0.013533,0.013535,26688.29
0.013541,0.013623,0.013533,0.013614,4372564.51
0.013615,0.013661,0.013605,0.013658,1604482.12
0.013615,0.013751,0.013564,0.013627,14531417.09
0.01362,0.01362,0.013587,0.013591,1313834.02
0.01362,0.01362,0.01357,0.013597,3153087.18
0.013588,0.013778,0.01358,0.013696,18830036.17
0.013588,0.013778,0.01358,0.01366,19392647.9
0.013662,0.013675,0.01365,0.013673,2043691.37
0.013662,0.01368,0.01365,0.01368,2740676.33
0.013679,0.013713,0.013679,0.013704,1818758.28
0.013679,0.013713,0.01366,0.013667,2712241.48
0.013678,0.013686,0.013651,0.013651,1061470.21
0.013678,0.013686,0.013441,0.013497,17865342.66
0.013488,0.013492,0.013478,0.013491,581249.85
0.013488,0.013528,0.013478,0.013528,2444488.1
0.013523,0.013532,0.013483,0.01349,939300.56
0.013523,0.013532,0.013483,0.013499,2110948.95
0.013496,0.013511,0.013482,0.013487,1018440.44
0.013496,0.013511,0.013482,0.0135,1252677.65
0.0135,0.013522,0.0135,0.013522,308475.17
0.0135,0.013551,0.0135,0.013543,1014982.63
0.013552,0.013564,0.013552,0.013553,407033.41
0.013552,0.013584,0.013552,0.013583,795470.99
0.013584,0.013589,0.013583,0.013589,352067.14
0.013584,0.01359,0.013564,0.013574,1339130.13
0.013568,0.013568,0.013559,0.013559,130668.21
0.013568,0.013568,0.013558,0.013559,161014.62
0.013564,0.013565,0.013558,0.013565,77281.5
0.013564,0.013576,0.013558,0.013565,537489.92
0.013566,0.013567,0.013566,0.013567,42441.7
0.013566,0.013577,0.013566,0.013569,130782.01
0.01357,0.01357,0.013567,0.013567,181836.31
0.01357,0.01357,0.013567,0.013568,226699.26
0.013568,0.013577,0.013568,0.013577,63697.96
0.013568,0.013577,0.013567,0.013574,189745.83
0.013574,0.013606,0.013574,0.013577,2229683.26
0.013574,0.013606,0.013574,0.013581,2918805.61
0.013582,0.013591,0.013568,0.013591,1025258.02
0.013582,0.013597,0.013568,0.01359,1304663.03
0.013596,0.013596,0.01359,0.01359,75214.93
0.013596,0.013596,0.013565,0.013565,788521.96
0.013558,0.013558,0.013543,0.013549,883871.36
0.013558,0.013558,0.013528,0.013531,1523389.96
0.013537,0.013544,0.013533,0.013533,155334.74
0.013537,0.013548,0.013526,0.013544,580684.96
0.013543,0.013544,0.013533,0.013533,67068.16
0.013543,0.013566,0.01353,0.013566,243387.16
0.013573,0.013573,0.013556,0.013559,163486.93
0.013573,0.013573,0.013546,0.013547,435299.96
0.013547,0.013547,0.013542,0.013542,66890.58
0.013547,0.013547,0.013536,0.01354,304541.79
0.013546,0.013546,0.013542,0.013542,95108.52
0.013546,0.013562,0.013542,0.013554,109641.18
0.013561,0.013563,0.013545,0.013545,36869.37
0.013561,0.013563,0.013503,0.013511,666015.14
0.013503,0.013521,0.013473,0.013517,1076910.87
0.013503,0.013526,0.013473,0.013515,1410099.4
0.013511,0.013548,0.013511,0.013536,210914.15
0.013511,0.013548,0.013511,0.013532,623065.26
0.013523,0.013523,0.013496,0.01351,335551.32
0.013523,0.013544,0.013496,0.013542,943412.06
0.013538,0.013538,0.013471,0.0135,1086090.38
0.013538,0.013538,0.013467,0.01349,2121404.33
0.01349,0.01349,0.013472,0.013472,237007.89
0.01349,0.01349,0.013466,0.013469,525403.4
0.013471,0.013475,0.013352,0.01337,6900033.5
0.013471,0.013475,0.013309,0.013403,13626291.81
0.013396,0.013396,0.013345,0.01337,1214347.97
0.013396,0.013416,0.013345,0.013396,2691534.23
0.013395,0.013401,0.013361,0.01337,2566464.6
0.013395,0.013401,0.013361,0.013382,3989223.0
0.013361,0.013386,0.01333,0.013358,1374653.08
0.013361,0.013418,0.01333,0.013401,2459560.95
0.013404,0.013417,0.013393,0.013396,666076.19
0.013404,0.013417,0.013371,0.013375,1919381.76
0.013375,0.013375,0.01335,0.013353,649106.89
0.013375,0.013381,0.01335,0.013369,3309162.97
0.01337,0.013378,0.013355,0.013355,227790.19
0.01337,0.013378,0.013346,0.013373,423523.93
0.013363,0.013381,0.013344,0.013379,1712436.89
0.013363,0.01341,0.013344,0.01341,4381957.09
0.01341,0.013434,0.01341,0.01341,1171849.49
0.01341,0.013434,0.013399,0.013411,1833512.0
0.013417,0.013451,0.013399,0.013441,1221320.32
0.013417,0.013464,0.013399,0.013444,1789154.33
0.013444,0.013461,0.013435,0.013456,464902.62
0.013444,0.013461,0.013406,0.013424,1318674.26
0.013433,0.013433,0.013379,0.013386,1381747.54
0.013433,0.013433,0.013363,0.01337,1649679.44
0.01337,0.013382,0.013229,0.013304,26349272.18
0.01337,0.013382,0.013229,0.013312,28101851.29
0.013321,0.013321,0.013311,0.013313,20567.42
0.013321,0.013336,0.013306,0.013323,2568929.25
0.013326,0.013345,0.013326,0.01334,573140.82
0.013326,0.013345,0.013326,0.013342,771624.0
0.013339,0.013339,0.013318,0.013321,118202.33
0.013339,0.013339,0.013309,0.013332,898360.23
0.013322,0.013331,0.013309,0.013316,924287.34
0.013322,0.013331,0.01329,0.01329,2410410.55
0.013286,0.013309,0.013286,0.013307,624739.33
0.013286,0.013326,0.013286,0.013317,1047068.53
0.013315,0.013315,0.013293,0.013297,1114618.48
0.013315,0.013315,0.013266,0.013267,2356675.91
0.013264,0.013276,0.013234,0.01326,2614748.42
0.013264,0.01328,0.013234,0.013276,3841412.42
0.013279,0.013282,0.01324,0.013248,1673789.11
0.013279,0.013282,0.01324,0.013281,2348803.4
0.013283,0.013308,0.013283,0.013306,1108322.35
0.013283,0.013317,0.013283,0.013314,1234925.27
0.013321,0.013349,0.013312,0.013325,2023872.24
0.013321,0.013357,0.013312,0.013347,3093465.03
0.013327,0.013344,0.013325,0.013344,232985.23
0.013327,0.013344,0.013325,0.013329,349037.62
0.013329,0.013357,0.013329,0.013357,552231.04
0.013329,0.013376,0.013329,0.013371,808558.27
0.013373,0.013392,0.013359,0.01339,734004.62
0.013373,0.013399,0.013359,0.013397,842029.29
0.013388,0.013388,0.013354,0.013356,510480.17
0.013388,0.013388,0.013354,0.013372,1005424.56
0.013363,0.01337,0.013354,0.013369,121763.35
0.013363,0.01338,0.013354,0.013374,204524.65
0.01338,0.01338,0.013374,0.013374,98817.87
0.01338,0.01338,0.013353,0.013353,845505.75
0.013368,0.01337,0.013344,0.013361,393212.95
0.013368,0.013375,0.013344,0.013375,483235.46
0.013371,0.013375,0.01336,0.013375,158834.24
0.013371,0.013377,0.01336,0.013376,174825.53
0.013373,0.013377,0.013366,0.013366,410587.07
0.013373,0.013377,0.01336,0.013367,465498.19
0.013369,0.013374,0.013369,0.013373,176207.15
0.013369,0.013374,0.013365,0.013365,246569.98
0.013364,0.013377,0.013351,0.013358,444520.85
0.013364,0.013377,0.013349,0.013349,552218.37
0.013345,0.013345,0.013329,0.013332,164616.32
0.013345,0.013345,0.013329,0.013337,434158.84
0.013328,0.013343,0.013325,0.013343,264974.67
0.013328,0.013345,0.013324,0.013337,420998.51
0.01333,0.013367,0.013328,0.013367,211204.04
0.01333,0.013378,0.013328,0.013364,794465.52
0.013364,0.013378,0.013364,0.013371,261203.41
0.013364,0.013387,0.013364,0.013381,726387.06
0.013381,0.013381,0.013374,0.013374,399028.2
0.013381,0.013391,0.013372,0.01339,1440077.49
0.01339,0.013397,0.013382,0.013382,72014.02
0.01339,0.013397,0.013361,0.013361,169839.14
0.013361,0.013371,0.013347,0.013352,253019.88
0.013361,0.013371,0.013347,0.013355,313427.9
0.013355,0.013355,0.013346,0.013352,50381.6
0.013355,0.013355,0.013346,0.013348,240810.65
0.013347,0.013347,0.013335,0.013339,105115.28
0.013347,0.013347,0.013308,0.013312,566861.68
0.013312,0.013327,0.013308,0.013324,397940.57
0.013312,0.013349,0.013308,0.013349,423668.51
0.013349,0.013363,0.013349,0.013354,316620.87
0.013349,0.013363,0.013328,0.013328,412194.36
0.013331,0.013334,0.01332,0.013323,212266.6
0.013331,0.013334,0.013314,0.013324,347056.03
0.013322,0.013323,0.013319,0.01332,77373.15
0.013322,0.013323,0.013304,0.013308,825451.29
0.013313,0.013313,0.013298,0.013313,145207.42
0.013313,0.013323,0.013298,0.013323,220361.61
0.013323,0.013323,0.013305,0.013305,28438.49
0.013323,0.013323,0.013305,0.013307,248253.56
0.01331,0.013316,0.01331,0.013316,15773.0
0.01331,0.013322,0.01331,0.013322,49856.63
0.013322,0.013322,0.013298,0.013305,659546.51
0.013303,0.013304,0.013298,0.013298,28297.17
0.013303,0.013304,0.013291,0.013298,139158.83
0.013295,0.013297,0.013287,0.013292,784280.11
0.013295,0.013298,0.013287,0.013292,1526270.08
0.013296,0.013324,0.013296,0.01332,434716.55
0.013296,0.01333,0.013296,0.013324,626559.85
0.013318,0.013327,0.013318,0.013327,70977.78
0.013318,0.013327,0.013314,0.01332,434656.96
0.013321,0.013325,0.01332,0.01332,11705.49
0.013321,0.013325,0.013312,0.013322,75513.62
0.013322,0.013326,0.013318,0.013326,300130.13
0.013322,0.013326,0.013317,0.013319,487297.85
0.01332,0.013323,0.013313,0.013323,118251.82
0.01332,0.01334,0.013313,0.013333,472878.61
0.013332,0.013332,0.013313,0.013318,321246.17
0.013332,0.013332,0.013308,0.013316,365205.98
0.013308,0.013325,0.013301,0.013317,1115958.51
0.013308,0.013325,0.013301,0.01332,1277884.92
0.01332,0.013324,0.013319,0.013323,31822.64
0.01332,0.013326,0.013316,0.013325,562200.39
0.013325,0.013326,0.01331,0.013314,233338.42
0.013325,0.013326,0.0133,0.013304,300908.44
0.013311,0.013313,0.013302,0.013303,142794.42
0.013311,0.013313,0.013281,0.01329,822433.52
0.013286,0.013307,0.013286,0.013292,952835.24
0.013286,0.013307,0.013286,0.013305,1010032.61
0.01331,0.013336,0.01331,0.013336,176706.46
0.01331,0.013342,0.01331,0.01333,520216.7
0.013333,0.013347,0.013333,0.013345,619252.65
0.013333,0.013351,0.013331,0.013335,915636.87
0.013335,0.013348,0.013335,0.013348,20787.16
0.013335,0.013379,0.013335,0.013379,738176.07
0.013379,0.013404,0.013379,0.013396,1649859.08
0.013379,0.01344,0.013379,0.013421,3082822.43
0.013417,0.013459,0.013417,0.013457,1040743.83
0.013417,0.013485,0.013417,0.013456,2966939.09
0.013462,0.013505,0.013459,0.013473,2211900.64
0.013462,0.013505,0.013459,0.013464,2225503.85
0.013464,0.013473,0.013452,0.013453,721825.09
0.013464,0.013473,0.013402,0.013422,3272019.12
0.013428,0.013428,0.013412,0.013425,465239.76
0.013428,0.013428,0.013412,0.013416,839918.45
0.013417,0.01345,0.013417,0.013425,567065.1
0.013417,0.01345,0.013406,0.013417,821119.25
0.013417,0.013428,0.01341,0.013426,440233.51
0.013417,0.013442,0.01341,0.013442,482211.26
0.013442,0.013442,0.013415,0.013427,224048.67
0.013442,0.013442,0.013415,0.013441,498430.25
0.013441,0.013445,0.013416,0.013416,332257.53
0.013441,0.013445,0.013406,0.013406,382643.26
0.013406,0.013419,0.013405,0.013414,689877.65
0.013406,0.013444,0.013404,0.013444,964409.72
0.013444,0.013447,0.0134,0.013406,736587.7
0.013444,0.013447,0.013391,0.013397,1780644.05
0.013396,0.013396,0.013379,0.013379,413347.36
0.013396,0.013396,0.013358,0.013358,1232781.06
0.013357,0.01338,0.01335,0.013352,1218989.72
0.013357,0.01338,0.013347,0.013347,1920033.13
0.013351,0.013358,0.013346,0.013349,493085.74
0.013351,0.013361,0.013346,0.01335,739244.98
0.013351,0.013367,0.01333,0.01333,1626956.04
0.013351,0.013367,0.01332,0.01332,1846275.1
0.013326,0.013339,0.013308,0.013318,1069772.73
0.013326,0.013339,0.013302,0.013314,1922601.74
0.01331,0.013335,0.013309,0.013331,222724.55
0.01331,0.013335,0.013309,0.013321,628055.12
0.013312,0.013332,0.0133,0.013325,514084.46
0.013312,0.013332,0.0133,0.013319,735701.88
0.013314,0.013321,0.013308,0.013319,208256.17
0.013314,0.013324,0.013308,0.013324,245888.06
0.013326,0.013354,0.013324,0.013351,343420.58
0.013326,0.013356,0.013324,0.013354,631007.18
0.013353,0.013374,0.013353,0.013374,1526852.99
0.013353,0.013388,0.013353,0.013371,1775069.35
0.013365,0.013372,0.013361,0.013372,92342.69
0.013365,0.013389,0.013361,0.013385,546688.52
0.013377,0.013377,0.013368,0.013368,601022.1
0.013377,0.013377,0.013357,0.013357,2972751.83
0.013357,0.013362,0.013352,0.01336,344825.61
0.013357,0.013388,0.013352,0.013388,517761.62
0.013391,0.013404,0.013377,0.013378,521020.25
0.013362,0.013384,0.01336,0.01338,88438.53
0.013362,0.013384,0.01336,0.013375,137255.99
0.013377,0.013383,0.013377,0.013383,14528.09
0.013377,0.013399,0.013377,0.013399,608985.43
0.013399,0.013413,0.013392,0.01341,312397.99
0.013399,0.013413,0.01339,0.01339,426950.9
0.01338,0.01338,0.013351,0.01337,662706.81
0.01338,0.01338,0.01335,0.01335,753552.27
0.01335,0.013374,0.013343,0.013367,478683.5
0.01335,0.01338,0.013343,0.013375,1127899.67
0.013369,0.013376,0.013369,0.013376,11536.35
0.013369,0.013376,0.01336,0.013365,440498.38
0.013366,0.013387,0.013366,0.01337,1070290.25
0.013366,0.013387,0.013363,0.013381,1392984.08
0.013383,0.013388,0.013377,0.013387,339940.11
0.013383,0.013388,0.013368,0.013368,717352.91
0.013359,0.013359,0.013346,0.013353,144923.42
0.013359,0.013359,0.013323,0.013326,848589.61
0.013331,0.013339,0.01331,0.013334,2254377.96
0.013331,0.013339,0.01331,0.013329,2739503.62
0.013329,0.013329,0.01332,0.01332,73819.9
0.013329,0.013329,0.013289,0.013292,1428956.87
0.013298,0.013301,0.013292,0.0133,657294.18
0.013298,0.01331,0.013292,0.013303,907566.31
0.013303,0.01332,0.013302,0.013316,500630.87
0.013303,0.01332,0.013302,0.01332,508348.17
0.013326,0.013336,0.013312,0.01332,678878.67
0.013326,0.013336,0.0133,0.0133,1066125.63
0.013306,0.013313,0.013301,0.013313,315370.15
0.013306,0.013313,0.013285,0.013287,547576.88
0.013285,0.013288,0.013271,0.013281,810195.76
0.013285,0.013288,0.013271,0.013274,870004.87
0.013281,0.013284,0.013273,0.013277,385592.93
0.013281,0.013302,0.013273,0.013295,670626.87
0.013292,0.013298,0.013292,0.013298,118188.73
0.013292,0.013304,0.013286,0.013293,656834.65
0.013293,0.013302,0.013287,0.013295,31279.28
0.013293,0.01332,0.013287,0.013308,72472.77
0.013311,0.013312,0.013305,0.013306,79027.82
0.013311,0.013312,0.013305,0.013306,227241.07
0.013312,0.013319,0.013312,0.013319,230848.35
0.013312,0.013319,0.013301,0.013301,477983.87
0.013302,0.013308,0.013282,0.013298,1521609.43
0.013302,0.013308,0.013282,0.013293,2051159.17
0.013284,0.013297,0.01328,0.01328,638032.67
0.013284,0.013297,0.013269,0.013269,730984.7
0.01327,0.013307,0.013269,0.013307,1302077.84
0.01327,0.013312,0.013269,0.013305,1470852.41
0.01331,0.01332,0.01331,0.013315,225852.83
0.01331,0.013325,0.01331,0.013325,420076.84
0.01333,0.01333,0.013322,0.013325,212500.62
0.01333,0.013331,0.013318,0.013321,299816.95
0.013323,0.013323,0.013307,0.013313,520780.69
0.013323,0.013323,0.0133,0.013306,1570196.9
0.013306,0.013311,0.013304,0.013304,49089.79
0.013306,0.013311,0.0133,0.013302,62844.23
0.013302,0.013302,0.013292,0.013298,125516.88
0.013302,0.013302,0.013292,0.013294,127576.31
0.013287,0.013287,0.013279,0.013279,253232.18
0.013287,0.013294,0.013275,0.013294,406875.09
0.013292,0.013299,0.013292,0.013299,338693.69
0.013292,0.01331,0.013292,0.013306,709413.37
0.013306,0.013311,0.013297,0.013297,301712.43
0.013306,0.013311,0.013287,0.013289,351164.3
0.013293,0.013295,0.013285,0.013285,69423.72
0.013293,0.013295,0.013284,0.013291,107034.24
0.013295,0.013305,0.013287,0.013293,204710.38
0.013295,0.013305,0.013287,0.013294,223541.1
0.013294,0.013302,0.013294,0.013302,80820.45
0.013294,0.013306,0.013293,0.013293,441884.65
0.013299,0.013299,0.013297,0.013297,62171.07
0.013299,0.013316,0.013297,0.013305,411261.74
0.013307,0.013307,0.013294,0.013294,449895.13
0.013307,0.013307,0.013285,0.013285,531367.39
0.013285,0.013313,0.013269,0.013273,5264301.82
0.013285,0.013313,0.013269,0.01328,5787936.39
0.013281,0.013287,0.013281,0.013285,510880.35
0.013281,0.013295,0.013278,0.013281,856340.54
0.013285,0.013286,0.013263,0.013269,2190061.77
0.013285,0.013286,0.013263,0.013268,3711559.47
0.013273,0.013277,0.013254,0.013259,4739271.58
0.013273,0.013277,0.013242,0.013242,7345980.89
0.013243,0.01327,0.013235,0.01326,2800203.06
0.013243,0.01327,0.013235,0.013264,3855893.18
0.013264,0.013267,0.013234,0.013246,1900296.63
0.013264,0.013267,0.013234,0.013238,1932054.54
0.013239,0.013261,0.013236,0.01326,1286426.74
0.013239,0.013261,0.013236,0.013242,1786654.39
0.01324,0.013242,0.013211,0.013226,1004603.76
0.01324,0.013242,0.013211,0.01324,1259927.58
0.01324,0.013245,0.013226,0.013226,521423.84
0.01324,0.013245,0.013223,0.01323,757826.52
0.013225,0.013225,0.013208,0.013214,2206060.13
0.013225,0.013225,0.013208,0.013216,2498211.68
0.013216,0.013226,0.013204,0.013213,1405363.54
0.013216,0.013232,0.013204,0.013229,2862665.81
0.013227,0.01324,0.013227,0.01324,122221.92
0.013227,0.013246,0.013227,0.013242,569564.14
0.013242,0.013252,0.013238,0.013247,183280.86
0.013242,0.013252,0.013238,0.013252,362891.28
0.013249,0.013261,0.013241,0.013256,146660.32
0.013249,0.013265,0.013241,0.013251,557811.55
0.013248,0.013248,0.01323,0.013234,803962.23
0.013248,0.013248,0.013229,0.013232,1360331.89
0.013232,0.01324,0.013232,0.013234,523905.81
0.013232,0.01326,0.013232,0.013259,1022456.46
0.013263,0.013278,0.013263,0.013267,562341.24
0.013263,0.013278,0.013263,0.013274,639029.75
0.013267,0.013278,0.013263,0.013268,220036.25
0.013267,0.013278,0.013263,0.013274,227268.08
0.013274,0.013277,0.013248,0.013249,654099.84
0.013274,0.013277,0.013248,0.013256,862854.39
0.013257,0.013263,0.013257,0.013263,76883.9
0.013257,0.01328,0.013257,0.013274,408675.88
0.013274,0.01328,0.013259,0.013259,464803.22
0.013274,0.01328,0.013247,0.013251,548152.84
0.01325,0.013261,0.013249,0.013261,774685.27
0.01325,0.013267,0.013249,0.013266,826205.01
0.013264,0.013269,0.013248,0.013269,203484.76
0.013264,0.01328,0.013248,0.013262,636448.82
0.013261,0.013276,0.013261,0.013276,46173.47
0.013261,0.01328,0.013261,0.01328,121790.33
0.01328,0.013287,0.013266,0.013267,165637.87
0.01328,0.013287,0.013266,0.013271,198245.47
0.013273,0.013292,0.013273,0.013281,60690.58
0.013273,0.013293,0.013273,0.013293,291314.26
0.013292,0.013294,0.013292,0.013293,52327.05
0.013292,0.013295,0.013286,0.013286,209224.96
0.013285,0.013285,0.01326,0.013263,647916.04
0.013285,0.013285,0.013231,0.013231,2746337.62
0.013245,0.013248,0.013234,0.013246,181357.81
0.013245,0.013257,0.013234,0.013257,318377.46
0.013261,0.013269,0.013261,0.013269,50280.57
